id,name,location
0,UMTAIKQOAY,GGPKPJAQKB
1,ZKBDMENPNG,YLHHXFIFSM
2,BNHQMKMGMJ,UOOVHYOUCI
3,CKYBDTIEXK,UMCFNZKUNZ
4,XULYUGOHSL,JRCGJDXUIB
5,OAULQDWCXJ,OWWVFWKAHS
6,XVFQHNUTYP,LQLIFHWHLU
7,MFIQTNXEIM,SJEHSLLSGA
8,ZVBGIKOGYT,ZGPHZLWUZH
9,POBNXBZPNR,KMDMLHFPWK
10,IKBDMDFKTG,LVKKACISPD
11,BRVNUPABMZ,YCJGAJYXCS
12,MVLECLHYAN,OYAQBCJBSK
13,TOSHEMIDPF,BKIIMBSOJC
14,WUETVOQHSL,NSBMPGKTHY
15,LBRQYVKWLE,LMBKNVLHPP
16,TZNVRTFLMA,UXQDRHEMAS
17,SXIABFULZJ,UKFZESUALM
18,TMEZFNYAUU,DDIQNGUNOR
19,SAYXJJUPIT,ALHQICAFAC
20,JAFAZKWLFP,BFBSWARMBE
21,UFZMUCNGVU,UCTUYRDZXE
22,QTCOZPUXOH,TGPOCSLSKW
23,JHKJGBAZKG,FBQUBZUOTC
24,QVUQOPBLZI,ZUQZNITAMS
25,EHCCDYFXTU,WTFYFIBZNN
26,TKLNBQWQTE,TIQIDUHVIM
27,ALPJMQLQEP,YKEIUBCHZJ
28,MDEKFHAVCQ,UBDKTNZNYE
29,GQFQMACEKF,PIAJUIMCWA
30,QQWMUQDWUY,IYYNMOEBEP
31,LGNOEEHHSQ,ZMQQFDGPAD
32,CFPFDCFLNJ,BYNCQMGTBT
33,JNQWVKAKZE,WWJYZOXDZT
34,GGNMUXTWDW,FVLAPKQTVG
35,XRTMYLTODR,JTHFBNPTGC
36,UMHCITHPID,IBPQWSZWBA
37,FMYWVTBYOM,OICBUQZJZC
38,AJCQPESOBR,OVKVXGVAHP
39,ECLDDFCBEC,EOWZGWAIKZ
40,NZJYYSNOOM,RDOGGRLZGP
41,DAQBNWCTYZ,GGNNYFMWEI
42,HOAHHVENUR,HYGONUJLNL
43,JTUQRLIYXB,XSWUSBMHUB
44,ORTLTNGFMM,QKDJOWRORH
45,EAHOQVXSWW,PJXTZUSGGT
46,BGIQRAMILD,VOBCRWICYQ
47,NPGYSZJNWX,VGPNBOGHHO
48,RVFGLROWIF,LZYJGLFVGL
49,VVVBGMIOXQ,NVAARGSQXO
50,FKIAYOYRZO,YMKOLKCZJW
51,STRGFDBFWD,PTQTFXCINL
52,BOCLJFGXVD,JKWEFDCYGB
53,EBHRHOPFIN,XCXHKAYSXO
54,DOHEIEIFCL,BBFAUPVMHR
55,JZWWYSJWAQ,DQTVCHKRMZ
56,JIHCBGGGXZ,EBGROPRHVL
57,FOJOEMXQRV,IRUWWUQCTP
58,LGUVKPKPUQ,HARBIUKOVK
59,LFMCMVKVHH,GCYICUICXW
60,UKYQJBXVIS,JNUGYMCAOV
61,DALJUNQOZP,AKLCNUHWEI
62,RUPRWYUPFW,ANXJPYXECF
63,NDDIDSYQSL,MTJTWXVXKJ
64,IAAQDGFOOK,TQWXDQNQCW
65,DYOTVLHFVH,WIXJAGSFER
66,NCWWRCFMLZ,BGQNFMNZTH
67,PDODADLRFE,STMKCYMLTR
68,ECNFIKPFBU,UNSGMZKWCM
69,DYDOYXCTCX,ZPAXMRCNZI
70,IOMQWHGROH,KXOXTMNPQI
71,SUIIZMGPQI,HWMJAEHYDG
72,ZEGSWZCXNW,LKBMCVQQOJ
73,BUTISCWTGW,KFYBMITRLO
74,GYKCCKPSKV,FDUMFCQCHY
75,OXKXXYRTSF,JJCHVEBBPE
76,HUWALYVPDK,LRJVHTHSJM
77,RSEIGFVTNB,TQIGOKEZZI
78,BBDQXCINQX,DOAWLYBCMB
79,BRIHAOAENT,NDEHZQLMTD
80,XUDVFQDFHW,HFKTBOMBDS
81,XVARAAFPSX,TLETVVYPGX
82,NSHOLCPGYA,ERXNJHQKBQ
83,BJZOHLOXMM,UOWPUZLZPF
84,YWITRLJLCI,LIXWQAQWZW
85,IZPJUUBAHI,PRONIZOQSA
86,IWXRMWTJRN,BDOMXUIMVS
87,HJPYKJRHQO,BARMSKJJKA
88,BNAPPUZDBN,EHGBLKOBKH
89,KSDSWEFOLJ,XUOPQVRUOZ
90,JNCFSBGMVJ,LASOHAGOMW
91,JVPQADAOKG,TWSZWQKZXY
92,PDZNXGFQCB,HCMERDFMWD
93,WNBHCYAGRJ,TSJILUSPNV
94,BUDEASFLWF,JXJQIGAMKB
95,AXHUSHLKJP,HWLCEGPJQC
96,MKWHBTNRCR,BHZCULKBQX
97,NPEJPXFXXV,DKPESAPGLV
98,NDUOVTVINX,NKEYVNTBHY
99,RXAGGENTDG,DPKORJQDGT
100,HYTTEZIUSB,RKXFMLCWPJ
101,AJHYHXZOLE,ZKDLXHVUQB
102,YKBQEKEATH,BTPXHCAJMX
103,EZNXKPUVVT,NZTNJIDJIP
104,VZFECMCLNO,DEIFXGEGPP
105,JOMUWYPBAO,XYMQTRWMQW
106,RKZRIJBJLM,WJIBKOUKZU
107,VWHVKSZZQV,JNFMMLWYZP
108,CQEQNBYOFT,DEWRLQZQKX
109,JAWEOUVXFR,FUNUPIWVOU
110,GSDDDEOUGB,FQMILSKIFA
111,PISVOUFZPN,IDNWNBCINK
112,RMQAMKHJBZ,ZBQCBBDGYQ
113,PZOGPTWEIA,QKEWCWPCRW
114,QFZGUZHGAR,BTDCKQUFZU
115,GKMUASYPIG,OIQEWZEBSU
116,HXYGVZZKFC,RKEIDPQZQH
117,YGXEDBXYJF,ZGUPTNIJOX
118,NDVDDGTKSM,WLOHMXIDGI
119,QTJFWWXKPM,QAPXWJTQWO
120,DLKXILHWIU,LXCPUQVSLC
121,EHVYSNZDOJ,TZFGOFXWGK
122,GHWRJMGSUS,WZUYAVTHEW
123,ENYNPECOSX,YKCOOLYDME
124,MNSDZBQUUJ,EYWYYFQNJM
125,IUGXJDPGEC,LEOSGTJLRM
126,PWYKIMATLD,ZOVSBCXJPK
127,HGILFDDYFA,UQIXKXBSZU
128,CEALOYNWPU,ODKBLRXNLM
129,RDVTJFOTKA,IMXTHFXMKN
130,LOIALQIFIT,BSQPGVDEAH
131,NWONPTWXKI,AMUYSAMEFW
132,KNTWVCBPWO,JFXPDRZWQS
133,YAPMTUONIB,JHVKTJLHSG
134,IJEDMTYSVH,QPLHLUOLSD
135,CBMZBEQPJC,HJHWMBARGV
136,KMAPFKHKSJ,UHPAWECCMI
137,OZQXVRSBQQ,SYJTVIFZJZ
138,XVNQGIMKER,FIAGGYHZQL
139,JIOLQIDHBC,CWXJUTQMTC
140,DSROKNBWDX,XUMMVWKRPS
141,EKCKURIYWC,SMIJSSLFQG
142,AIEZTNEOUN,LFAZAIBUSP
143,XQRICLKDLT,TXXUQGLNLN
144,GIKGESLTAA,PASPUBSKHS
145,YDHHDKQACA,ACLVTCSJKG
146,XMUSJXDVLJ,FQTAXCCTME
147,MDXEVOQEHA,MZUUXKGBMH
148,SGOCDEGWGE,UICIERGLWD
149,DKHSMQKRZQ,UKLGKMQHHD
150,RINUPILPYD,PWUNVASKTR
151,XVXWMFCJJD,EZBBQXWYGE
152,NTYVNREKIN,FZSGLONTNH
153,ISFZVYHNJN,MYVKUVDDTM
154,QKPIEPIBVH,CKZNDYNOWF
155,LKILGEFKBU,NFGXOPELPH
156,FNIKKPHEDU,ZSRVFXKDDP
157,KLQEBEXZSE,XTQMQNEVKA
158,CZZIHGJSQP,LBBROSOGBJ
159,FCBDWCJGXZ,DZRSQFDFYW
160,WFFVZLSEGJ,MEMJTMWSDI
161,KAFWFYSFRF,SKCVRFLXBO
162,BMKQFMEWSP,VCQLUXOLWK
163,LOKKPSPWQE,JGZMMGACEV
164,FHVBGBBKNK,SJYPMVXBHO
165,YZRECFXDXC,CMCVMGUALG
166,NMFJXNEINL,GRTXUCDHIS
167,SJKRSSIOXD,YCPECNRTJL
168,EMMKVEPMGD,KOYWNLUGWZ
169,GMPVJHTNRR,ZXJTLOKUTO
170,LMVUGDHQMA,UXUVATLBUL
171,ZDLCSKOSDV,YOQQOYFKKC
172,VWTSWOJWBF,ARCRNUWKEO
173,ACZZVMYMDT,RRRQHPDGEV
174,HCLCCEYIDY,NBFGCCTHEU
175,NUITEFCIWB,NYORAIGWIZ
176,GGKWVYRBEP,PTIVMGPMPQ
177,ZZIFXUXXOV,NSCXPQXFHN
178,IFIRASLJYD,UGVCKNLQDA
179,LRJTZRTEUE,PFUBEICRZI
180,WRBOOTSAII,OWPYJLPHQM
181,ICKJLWXHGP,TGKAAMBXXA
182,LIUFGAAOZG,FKBBECWCFF
183,ZEPTNPRBTQ,OSVRQTYMPD
184,NFEFHQTLSB,JULYLBZGQB
185,KYXBMFQQBV,ILFYSFGQJA
186,QRHQATUOLJ,GDWVYMUXYZ
187,HFFZGHUPHV,GWGDUVTQWV
188,EHYCSGZTOL,EEWXUAXEZH
189,HSUQSYLTLG,QQVREQYXQE
190,MGRPUBNAOP,GBBKVEIQOB
191,MNMLHCGFGD,SWPDSLDHRX
192,QCWFOBJTAQ,BJPPGTJBLC
193,BXWBYGGEFM,ETZWQVAWZT
194,VJUJXSYPVJ,WXWAVHPAIJ
195,TPEFDIHOQA,IAOGJKSUZD
196,SPFDHRHADX,DPWYALVRWQ
197,XKPGFKARBD,ATRSFGKVTX
198,PUHPOVWTSN,CXFHCSUDOV
199,AXDLIMRVZE,JBLREXBJRP
200,IXRUGVIDSZ,HWXMQOUGXO
201,GOQCTMIGVO,MWTOYANKKX
202,PFBKGERAAP,IYFBJQRDHS
203,BWVVBGMRBK,GZXDDUMZGS
204,MRSDBIQMCM,RYXDKMMPCH
205,UIPQBLXAUU,FVTWOCALEO
206,NTOTGHYNGX,XWKJCKZITC
207,EDZXRGRZDC,CUFABFKDDM
208,TRBPIMLJID,MIZYAMYZTD
209,SDXAYFPSZA,FDSQSWIUVJ
210,GRMQHVWXBC,YFAAIVMIKX
211,KDECEHNGLN,MUEKLVPDBU
212,HMRGMUATFA,JUPNVWKCWK
213,AAMZHBZPDJ,PRSIVXMTXO
214,OUZQGLAVIX,ROSLVNQTIG
215,DPLJUSBLYI,ECBBHYPNMP
216,ZTLWHAQPMV,LYLBMDTOBW
217,WDUQTETXKN,TBDIFSVLSW
218,FWRXVIKQSU,CJAMPEXNBP
219,DITIEDETAG,XSFGYSWADA
220,GWOGXWRZGZ,NHGRPXTPYD
221,JRBYWQGWLV,MHNYKMKHBW
222,MCURZRGLYR,KDDVTSUSCH
223,ZYAWUGXRKT,XYXWGUGCWS
224,PQSXPCWRHE,GVIIBVTBAB
225,BQSBWXVODD,XHBDTVCZZT
226,NVMRHZOLVT,TZVVHKTTTY
227,JCNRUBDINK,HLMNRPXPQN
228,KVLCJSZEIA,TDFFFXJNLL
229,JQQFYFZQYR,AJAWQVOQIQ
230,MQASZMIQLA,ZVRXTMZXOK
231,UVBBZKDORI,ZLGNVHDHGK
232,CTGDQARAZR,KJCTGPMVTY
233,QAURTPSGCR,RPWFJOBWBA
234,TYTUDLRZGB,ULBLWLFSLD
235,CTPQKLJAYU,BOJAWPXOKQ
236,AKVAWZCYBN,PCBTBSUHUR
237,PSXAAQMNSM,XOXMEVWDJC
238,PVAKJROORK,TIWXNXVRRP
239,KWLHRFAGCE,LKMOOQREGP
240,BJXSKUTCFN,FBIKYPMHBW
241,LTAMCPITVF,UPQIOAIGMG
242,ENXMVWHDSV,TNKGHYZJET
243,FFPQVAPKYV,WGITVEHPBZ
244,GTNBKQWFTE,LXHYFGICZP
245,LMXETQRCCP,VNLAENOCQF
246,FAVOASHKRG,QPBNKNLEWG
247,YPPPBVEJCQ,RBQFMJLXKC
248,AYWEQRAJHD,OREBUYMPTR
249,AUKERFQELF,LPGWWWFXAS
250,GUZMSGCCAF,BCCIJBXDYB
251,KTADVWIFTF,SJSFKNLAAB
252,LKSFLHVHPG,EIOAYMLIKR
253,WRYOXKWMNC,DNMOXFARXB
254,HFPUXEQJJV,DHEGKXXWSF
255,RSEDOCXOJI,EUXAPJCFTT
256,ICYZVJRSMY,OLLIPKOSZS
257,RSFYDJSQOE,HIGMTLVWZU
258,BRLVCFOXAX,ABDFRWHBIM
259,IFNDZJSRSN,NWCBIJJNYW
260,YLWNFDWXVN,QERDSGNEUY
261,BWZOMYYQED,TVXBNTQQML
262,PWBGBTVGPZ,CZZTMTTDCO
263,CSAZZLDUAO,NWCJYRALIS
264,ILITUZBMLZ,KZRFWSCTZJ
265,CSRIRPUFRS,ZWMTBGOGQS
266,CDUEVVETSB,OGOBGENMJW
267,HEZRMAFORI,YHKXUMUJVP
268,UOTLBIHLSP,BJNYVVFSYS
269,ECNYBTAKED,NSZURNDQBH
270,NBPZFAGGJF,HOEPKLSTNM
271,LUJDAXSTTG,DYCKEUDUCA
272,KYWZXPCZXE,IORVTGYIGP
273,GWDHRXMRTN,NLXMNOMYBW
274,ULUZECHCDI,VEXZUVNQJG
275,LSHXBDQNQE,JCOAMHRAPW
276,XYJGMVSIXQ,MGPQTGSHEG
277,THPMVLGINB,NYJUIRDDFW
278,PEYZTEHXFO,MAVNEPQUSP
279,AIQHQBKKAU,DLMVEYWWLW
280,VJQXAEPJEY,JMHTVNORZB
281,XUNPIYXXSS,BDXOUTCSNB
282,IYKZWQWHJE,RLWTLMTBWV
283,BYURHZSADE,UEMIWVLWWZ
284,KGUCVREEWA,LXSFZFLUFX
285,YHBOQUAPWX,QFZVBDTIRX
286,IZITPHFCHY,RCERIFKSXJ
287,SNWYFUQUYQ,ZTTQAOOGWX
288,WLWRLHXULD,AKUVCMPRUR
289,QCRJRMTZWP,RSKOPDFGIZ
290,SHFFJJCYTM,QGJLEWGRSK
291,JVJQPUIPMK,DDNMQUBCRL
292,HBMRELGDZY,BTZSJCOKYR
293,JSYUEYQMQM,IWAUMKAFSQ
294,RAMEMGNQAS,YSWYXMSMEB
295,DIZUEFQSVE,CPCZYLHASG
296,JFDASHOGEP,EZWWUXEJDZ
297,NCWVKDYZFC,CPKBCQUUEB
298,PFIDWYOLLU,KPTNUSYIJE
299,GKVKFRLOEC,LBWGGXDFKO
300,HMFCEKPKPV,XSUZVOVLVH
301,YQBNGHMQJR,OBIUCEFUEV
302,SYIBPYYKPZ,TBFVZHCMNY
303,HKKTOLBXKK,NFRIUIJLID
304,BXGTSTYYCX,OYGIXAASBD
305,TXXQNNLVGY,LGVAKXKSXE
306,PHZRDBPODR,BWWBWZWQAN
307,USMYJXRXKO,DKHOXNMRIL
308,PURQTRRHLL,EEBGEGWJLS
309,VTTJMYXEIQ,CHRDZTOAWO
310,FFEPJZKAZB,ORIERNMPYM
311,RJMGPNKYLZ,EWCGRRYVFD
312,ZZKTHTXJPN,HTHFCEYEUT
313,AGJBZQJOTP,AABCWGIIWL
314,NSBJLLDKNI,RTPXSEMZEA
315,RIVFLGEGGH,HTWQSEQTZH
316,FEFDDXCFST,VZZWTUSQYA
317,TDCPZWVSKT,FYQTLHPJNQ
318,QIUQDKUTIN,HKCSPQTDAI
319,TLOJOXIOKH,WPOWDQVAET
320,IEUOFPDDPD,ZOMTPOGRWO
321,IJLAOXTYBK,FZVDWLGMPM
322,EHTRPMUHXH,HLKLOBUFII
323,DEJZXAKFDR,UNYQXVWHAY
324,XSFVHJONHW,XKIHVITHIF
325,AYMXWVEWAX,AYEDOAUFSX
326,DFFGLIWZME,GXGBVGQERD
327,QFGIIHTGDW,UIFQBKWNQX
328,WEGGAXKFQH,BEWZLCSSOK
329,IOESHNHPEV,YPSKDTMHTP
330,ZQRGEOWJMI,CCHHVXWZYX
331,INNHOMVYIF,GISEVJACKO
332,LZDDGZTYNG,UAUGQTROLM
333,GHUEWDNHGO,RZYUXYGHBB
334,GRFTPUWVBO,QTBQRWVDBI
335,XRAIFJLSKY,KRZZWWIJNG
336,UMPEXBEOMF,IPLAXDLFZY
337,DWQQNOZBIH,TYTVDWQYTO
338,TAREPIBADL,ODLMEWLRGE
339,IJBEASBIRP,KYESFZYLDK
340,HULIMCDKNQ,ZGKFZUDBJA
341,RKDAXCTRES,GXCBOLZRNC
342,SKXADCHJJW,SFOKOGETEE
343,ZUVPLSFXUA,BGECVLSFMA
344,OSRLXDYDYG,TTJAQZTRZK
345,LXUEVGYRPD,YBVTPARUVU
346,MFSCWQDPEI,CAZLMBVLIJ
347,SDWJZOXHTS,EFOZBGQNRS
348,EHFGMTBJEU,OSHQEIGGPQ
349,DPQCZQWEHN,UQJPIQJQYS
350,ISNNZPMVPF,CSUZHZFARM
351,ODUAFGOGND,ENDTNTLPQG
352,TOLMDQPQEO,WLEALOGJSM
353,ORVMATPQCC,DQFZURCAGE
354,QHLMBQCEJD,YPVZNMFCIU
355,FIHFETYADH,EJIVADHGAF
356,LWLEYVRNHF,CGKLPVDOXQ
357,LWWUFXGUQL,RZEAJBITKT
358,ZGLIFVOIGS,HAEJJDYOED
359,PDRIZRWELP,AATBWRGKND
360,QBODBRZXAR,ZGCKSIEXVL
361,KQYRKKTAKD,EQZAZAPQDV
362,NVLQBJWYUQ,WITHUIBFKU
363,URCQYHDOWS,GBHHXYPZRK
364,YVFJSPETKQ,RAJVUGGDJI
365,IEPNVNIMXX,FBTGBKPYAJ
366,NJDAACRLVJ,NEPCDVEZGE
367,THWWLNHBVN,WZCUKGPYNE
368,OKVUMAHBBK,FHJNHALWVW
369,HMWUEJVEYF,EZMWDOPSXT
370,EZOZALDFJE,DVXKGZLZLY
371,ZZHMVVYZMA,HCEXNCVHAR
372,XUUTKFTTTZ,KXEFONKTBH
373,BJYIIUNRLF,OOCOCRVIGU
374,ZDUZVFQFMO,ZGHHANGRLU
375,QXNXRDTHBC,YSHYTHAUYF
376,MQBOOIGQMI,PTIBNQCYMB
377,DNTQIOTLCR,IRVGXBUTEU
378,PGEIPRIHOO,DABXDECRMG
379,XCAQQMRJEU,KPCXAYDLYN
380,MFIPYUNTJI,FSHSQWQMKI
381,BONNBKEZEM,IRTRXGLHOF
382,HFZVOGUCNB,OYTGWILGCA
383,UNNTZQZYGN,NLPYKQBQFY
384,RRWYIOZFVT,MMUSXJTMKL
385,LAGDJOJPCW,DHKRXUJTIA
386,DDEINPNAHX,FOWRLUAXHR
387,JMHHVVXIRN,CPDFOQMVIR
388,XZODHPYSGT,QHDMEJHROA
389,AXXTWUBLHN,IJVKUFHWUI
390,QWUTUVPLAV,GGPOPCNCXY
391,BYPLUAZLBC,XVPYKKZYLJ
392,CZNBLTBTHC,KETCWLYMBI
393,FYUJYAPSHW,OQATPKHWUX
394,FIDWXRQPAN,EZGDDTAGJI
395,DPBYMMWZHH,PINCQNLJCL
396,BCVWGVGKXI,MFECZYZKJC
397,CGNDTVRKXU,SMFBBCERVN
398,CHRUDXOBXK,ENTJAKFSIM
399,VYKILXTFHD,KOCIZIUJXT
400,ZWBAHEKQAT,JGKZBFYPZD
401,WWUTOFPLLF,DGXXNCLCQB
402,NOBHQJFIZM,BFYGJFUVVP
403,DHODXXGTMP,DTMHWYSUDX
404,MGFDXAJEZZ,RXTHRHYWTD
405,XUIYKCTUYQ,YVALXYMWFD
406,CJGTMETXXM,EQRTXEEHFQ
407,GSHMMAAQQF,WUNXYKZFGS
408,RLLJYUHSHW,QEVDCFBGLQ
409,AMZJGIKRJL,FLAQOUVVSY
410,XZUINWAOHQ,XOCLLRGIHQ
411,QJRNJTHIYN,FBPFZCEDYX
412,KXTCJURASY,CTJTPPBKFY
413,JHGYOVBFQA,HSCEJMGIXY
414,LHCDQXSBTI,DTVPSFQVOV
415,WNCEFIZNBK,YUBMITJVDU
416,WZOZCBNHUU,XJTCTUPCPW
417,NLJVYKPUQV,FMMZPWHTCT
418,UXOYOZCMRJ,ZVOUVLYCHR
419,GNZSOCOSGC,WQYJXUFPCX
420,IWQUMXQYEW,ECRZTGGMNB
421,UQOPAQEKYG,VGKNMISTXI
422,BVXEARHAXS,BFJWHDAMNL
423,QRHFJIWCNG,ITTFXNRUGL
424,DKKQECWSYG,VGUAIWJFRG
425,SKMDBIXUJG,JEGVWYKWUI
426,KQJJTSOMLT,NPCFAPFLZY
427,HYDBHFPMSH,KFIXJTMRZT
428,TCEQIRCPRY,HKIKEOKYZS
429,GIHDINSORK,MJQUTZYRYH
430,DXWKNDOAQG,CQKWHGGWNC
431,GXDNHAGAXR,UYCNFZNZGW
432,WHLBTHGXST,GVMCAAUYSP
433,HMEAGDEEQB,OSVPKABGLE
434,JZFBMWVMDA,EPVKMHDSHV
435,NOKXAHHCBZ,PJPZEQVDMV
436,JGJEOSFWIL,TKFJXFOYDH
437,SWIRBUCMCC,RZWOFYGNEI
438,BCQACVYKNS,VZXXZXQCHE
439,KJSPFOVNAC,AJCNUFSWUG
440,TIAGYTDGOL,VCVARKGKNH
441,BXYCNOUDFK,TBTMBOBYEA
442,HADLHVMHMQ,TEBYUVJGJJ
443,OCHFJRFVSK,VZHQEARJAG
444,PRBPGGXNEE,RHIBUVIKLU
445,CQHEVEAIWO,KVFNAQIHRW
446,GGEGCWVDSN,DELDAUERRE
447,KOHXNTYYEO,ODBUUYVLWH
448,HWUJMPOOYS,ERGVICBPVP
449,UZNEFOLEQH,HUVAICQZFU
450,JQBZGDNUXD,XJFBUPVSSB
451,GGDYTKXTYW,SXDIUPAFAX
452,LXTQQUJZQP,OOEYQNCIHD
453,CXTWFJDDHV,KRYWIOLQRO
454,ZLXRYYVMKL,FOYQRVXWEF
455,CBCDDSJHHX,XOKKXEADDA
456,NRHXVVNSSH,SVTGOJOFLM
457,ZOWNFCXIPB,PBOXCBIRDR
458,KUPIIQTSAV,DJTNSFGMUM
459,NVHHUBLVMP,JLECTNKDBB
460,IDVKYTINFL,FSWCDSISDI
461,OSUMYSDBXZ,GNZMFITYGA
462,BQTLNIJTEB,ANXZQYXOPY
463,DIQTDDKYKE,QALDZDHHSQ
464,FNFZZFSMIA,MPGXBTHDCL
465,PXDKHUQWUE,HAIJKZODJI
466,XOVSQORGFH,VLAVFEIOWO
467,KXRGZLOEHF,XMRDUTQOUT
468,UCQZAVENWJ,YNPKJIZHJO
469,KSBEJCBERU,GCYQSTHQTB
470,ZRZOZIFCUY,QLSXIOFFLI
471,DZLVUWWSNU,BVYOBQQNTC
472,GTRLZTXZTX,XETZZLJFTL
473,SCNKFKZPNG,PBBCDOSEKZ
474,XSFNFRUDPU,QIMFZABXYU
475,RCGURQDFUE,JTGJEDOEJC
476,LGGOKDRSGQ,XZLVYOAKJQ
477,SCAFKCYHWK,NNDVNAIMFK
478,YYJIJHQFLQ,SEGRILIJOW
479,YKNBCJUKGO,JJFRKKVGXZ
480,SYOMKWBUIZ,OYPCKRFGOV
481,XPHMAQNDRY,PUDGKVYWIV
482,HJJDNQWRAH,TQKRKHKYIS
483,WNCEHFIIOA,REBQWFLMKT
484,IRHKPYIHER,KORZDYOJFS
485,GRFBEYHBWO,OZKSCHKRYA
486,BTJUHJGWTC,LEKCOOKEUJ
487,QJHOWKFWAA,LOXRRBZFSX
488,OPSOBZLIQR,VVGWDSRALZ
489,QVROGHHYAU,XFMRNFMOEC
490,SHIDRMKRGM,NTWHNMHAGV
491,CRVVKXHBEE,YTCHVAXMXC
492,DIZBDESJTT,AYQECIBKWE
493,NBUAPAEFKJ,FBGQRFMCCG
494,ILZWZWISZU,CIHWUNTQZK
495,AKKAYEJGPI,TKZYYSWMWD
496,SOSPFXSMXE,SIVSKTHCZV
497,ODOCHCNLXS,RPIBLFSRCK
498,VBKGXWJFUU,QOTNYOFRWX
499,DXLNQGANSS,KYLIRAIJAZ
500,OPSHTLTWAF,TMEOSBRCQC
501,HVOMONHNYR,IULVXSPELF
502,NYHCZKBDUF,IFREXULZTG
503,HOZXFTHGKG,HCHBDAHLSG
504,OUUQMFSGVB,UYAWOSHHEB
505,VSQOTHHDCS,USSCIRZOQW
506,FWHSUGQZAI,TVGVRQJRVZ
507,IMAMZJRCQW,ZYLCZXXLGV
508,SWVIRYDZLC,GYAVFGBWHQ
509,ULJKANNAOG,UQQJYIKHRD
510,JZMKJGBTPS,ZSQSATEUOX
511,QPQJOJQNKN,SMKRKXVVKQ
512,FHLGNTKBBF,PKDAMTFDUE
513,WTJVZLITAT,XFMPXYQHEO
514,WVYTRNRKAV,EHSCZDVXMF
515,UUKKMNSLQX,JXBFRYCADC
516,KBVLIWCFMF,CYFWOYDDDG
517,YKORYCKZGJ,LPPEVLEGSL
518,SSHUJCJJQP,QOELRXAHEJ
519,NFWZHURMFM,ULJUOITDJP
520,NLDWQNFPHL,GAIXNOVTYT
521,YWUVNLDMDY,GMGPGZDZAW
522,DTENZYJRFY,BWGZNXZHKK
523,TUSEXBAFKI,SYXRRVQUDF
524,XPVVJDLDNT,MDPEYXOTBA
525,GVKEXVYWMP,HHVDUCMWEO
526,WMZGPZXGLU,VAYWAQQISE
527,EVMJWIXNKQ,CACENLHXEW
528,SEJLUBBKGW,JJQUJFELEG
529,WYEQJCMHTP,CAQVKWGXRE
530,UHASZERXDH,MEQYPKQVAE
531,HYTGRBZESD,UIQRTQIFHA
532,BQICSEMWQK,LVUKFPCGYU
533,UDAGRUOUGW,LFOVDOCAYM
534,MAPNPPHLPD,RTCQEDGERV
535,XAALFEVJQJ,MFJGKMWKNV
536,LNGEKBULXP,MQOMYANOJT
537,QCKWRFALZX,KJPIWKJDLR
538,MRNHEGWZLC,JNACEFVYNF
539,VZHTVRRXWW,EHQATNQTQF
540,PNVGGJOOUT,LLNHYFDYKY
541,JCDIUDMUSJ,TXVZVSPBBH
542,PBORPZYHPH,WJQKWRKVLD
543,RMYAFWXZHI,PFUHIJRLXT
544,OICECIKRRT,NWAPDUVLMT
545,KCXYSTXXIT,TQOUGUZCSJ
546,AVNZUAXKOL,CVUPDZBNFX
547,EQQSZNEIII,PGMLBFVNBC
548,WHOJEEIORZ,WVQKZANIKI
549,EETGJKVJOX,VWINATFXSS
550,JKJYXLHDXR,ZVTETVORWD
551,KIOMUVSBQW,OSKZBNCALW
552,FCGULVLEEL,QIRAZBPGML
553,AAOXXWXSTU,BJHLRDZIOU
554,JQJNUMLGDE,GWZDFIIZRC
555,WIHRTROMME,MFNSLDGXUJ
556,KZEARVJMSO,NMDXTUMRRJ
557,OMZOQRWXLF,YZCXXSZGVV
558,ZOPNLSSIIM,RHLTLNDMYF
559,FXYKKZOLCU,SIGDNSJCTB
560,THPUQOJRFK,OFCNFSBVRK
561,NSZRBTPRQH,WKQSMXTAXN
562,MELTKNDRPS,XVHRYCKQJK
563,MANIHPWIJB,GTLJKWXDKN
564,IPZTJNPRGY,FLVUVHIDKP
565,KMNJDNJNTO,JDZDEAUSVE
566,MTTCRXAHMK,VBIFAWUAIK
567,RBTUYPFPHI,GVSIDGDORD
568,LIVBBFRNFB,ZOZZEBIOQJ
569,BGIBCVITJV,PDIWKUIKTB
570,XIUTUWLTDA,CSUWRYOQLE
571,EXQSTXVDNC,GNPMPZFUVL
572,AARXBULLNO,EXPAOKCKAY
573,ECIIVQGIUR,CZGCCIEUYW
574,DSQZEYYQUP,CXEXRPTMVD
575,UGEDOCBROU,PQKIZLBMSS
576,YEUDCNDAHX,NWPHEYOWGC
577,JREBHBWOUT,DZEQEUFJUD
578,KMHBSEXJIC,KDWCNVXVNR
579,MBVUODPLPD,MFPMLJGDMW
580,FMNGNXSUBV,NRLLBMQGTY
581,CNNCJRLYSA,VTLZSGRVVL
582,SWEBSEMCSA,ALTODQTSIG
583,ZTGWEDKQBV,AGNWPGMOAN
584,OYIPZJBOHQ,WLHTCGWLFN
585,TWJEWEWNTM,UUNCPNKHCS
586,BBXZTUTAOQ,RSTRHMGQYD
587,TIYHSLGMMA,UCMZSWQCLV
588,XUZKKDEXJC,MXYHYFLDEQ
589,QKZHKPXNKH,LBZBTPQSLB
590,VHZAKMONMC,MKBCKMCLLE
591,LHHMTQTHGF,KUIVGSFXEE
592,NYHHSCASVR,IXAQZBFSBZ
593,ZAAAGRZHKN,NBQVBYHNMZ
594,USFVPGVFPG,SLZKCTWPBL
595,TIVZRSYZTX,MXCQIIBTGF
596,XDLSCUEYFR,PPLOYMSXIZ
597,OQAZIHPGPD,OUATNLTJEG
598,CAZLEOJVKM,PNGVHTINVR
599,OYGLUJPLWZ,OPXHXYAHXG
600,FWDWSSEMRR,BGLCSXNOJD
601,POLIWJXVWB,OJKYZIBGIR
602,VPQSWDHRFO,PAGDCVLTIR
603,XAXITYHBOO,MDVSMMYZOH
604,RXSHZASKDV,LYOPAOOVVI
605,YCLOHJNKCX,GTZTBGCTGQ
606,EMPCZGHJCP,ZLFSPCXQXF
607,VNHPFJCOYA,NZHHHUUFIT
608,IUILSCISXS,TLTDDHJGAS
609,TQJZIYLTDM,VCIXITAFUI
610,FLSQOVUGCH,CGONOOIMLW
611,KIJECYSNPP,ENVJTGWKZJ
612,ZECPDLSUGL,PTTLJVGJGV
613,EACPCYNGIZ,YVLDEUAAZU
614,IFIABLRDQF,ALAUPJPCVS
615,EFRKFBYOCO,DIJXJBYIGI
616,DSRABLDNCR,MQYSHGSMRZ
617,MYGZXNEQCE,CDHDSNZFYU
618,GWOFMTBPJK,RIWWPYZOSQ
619,ICEEWWSEUQ,GRHZQNUPQQ
620,GPREDOPWSX,RJBRROJNPG
621,WBEFZZVWSX,YPQDHPGSCN
622,ZKBOWGJGEV,ZOWDUNSWMW
623,JLKYSKPDUA,CYWOHCCRYL
624,JXCVBCHJMR,BYTJYSSMNG
625,DWCUMTQEJB,LKLLWTWXPY
626,ILJUIEMWML,KGETXHAVBG
627,UGMPQGLUBO,XUHEWVNDIF
628,JZFFJNHNVC,SEHKXLBSBJ
629,WWGZWREFYT,KGDNALNUAF
630,XRIXKUXGEY,LFBPLNVPCU
631,QLZUMYTJDW,BLMVOUUOSW
632,WHUYUELONH,XCBDUUFJZO
633,NRWTAYIQDV,ZHPWTKERDB
634,YFMSTAFERI,VVSRXIZKFR
635,JGCOZZYSJF,MMNMLHQBSH
636,YFPAOLUOFF,IOZZCTSTHP
637,PORTHWSJNC,WDLNPXDNNQ
638,LNIOXSWLIE,FGDPOEVCYU
639,OKPQHQGDMA,AKDLLJBMWA
640,JXVKAIICPV,FEZYZZJEKL
641,VRRQMNTWPL,XFECYZZOJG
642,JRIQOGJLKV,YIOATNSQKI
643,KJAAXCOVEF,EAWMXDVPQG
644,YAEMYPCUNP,DYHLWKQCJM
645,QKYSXYEXNA,XLFKFUQDGU
646,VOZQLGTBDH,ETLACGWRCA
647,WMOTTPWPJE,QQNYDYMRNI
648,LJMWQBHUDH,DJHUYNNSMT
649,WFUAVUEUAZ,FEMGIDQVOG
650,UWWFZMPIZP,FBTLDDTEXM
651,GBTUPFLPHJ,WRNBCDDSEX
652,DOADLJUOZV,UKOPEAMFKF
653,NURUPOTVCF,SMFJVMZTEJ
654,MCSCYFWZTT,GBPKGWIYUA
655,PHTDIYVRID,QFMFACQVCD
656,QDOUIFERCH,HSXGAWQKMA
657,EGBPIXLAGW,UMLFRTRCKS
658,XXTGVPJRTB,KMBHSFXQOX
659,LBEBODVCYO,YFBHPNDQVM
660,JEQYZJCDLY,AXRXWUQDMD
661,BXEAOLHFDY,XZDWCARWMV
662,AQZHJNJRRM,SZDXWHZJMX
663,WLUHCRWCSF,BENRRMVFFG
664,MDMQXTNSBO,VEVHNNPBZY
665,SGTBLZFSXO,LTMNHINTTU
666,PCHGTNXKXZ,SCKSZVEYVJ
667,YKZGNWFVOD,TPSZSUYWBQ
668,AQICEDUWRL,QRGLCOOVXA
669,GNPIZDWUNQ,OTOXIOPDXZ
670,BWNLTXBGNN,NRQYNTIBGP
671,FFSCYDENMY,SAWJRMQVXA
672,BPJWTLZZQQ,BTYXBVUFRE
673,GOGAVSPDNS,TKDFQCGPLL
674,JXKNNYYYNJ,FMWGPTFPII
675,YHVSKJPVQJ,PRXMCQQHVL
676,YEBQNSQOWE,GDLZCGZGRX
677,CTRLNRBPZK,OXCYSRGEPP
678,SVVXRWXDTD,YTCIXFOFHR
679,HNZBFOZZGN,XQILBLAWFV
680,CYSBWPDXMT,VENEOQHJEU
681,VLVZVOWZCA,FZVZPLTSEC
682,YXRVTGFIBU,ZMUXRCOHTU
683,KVIVIXMZRU,SWBRPNZHMO
684,PFMSPSLZDM,MYTTYTMYCF
685,GDRVQUFKHW,RRVUCBUGXC
686,MCRBBKZBGL,XWYQQOVQXM
687,WNHOPIOSDD,TKSTIVXQWK
688,BODWZIPHYA,JLXVXDQPDL
689,MUHVPHOSQK,EOLUMVSMEA
690,DSRXIMZNYC,LUQKLPFXRC
691,TCFDYILOCR,IDIHZPGZHF
692,QAPDKNQHRJ,VEQVJEREIB
693,MQRWRCPZJX,JPLYRGXMAQ
694,TQFHAWEFGY,DHOOPPYHMS
695,PSVXFVBKEP,TXGXTQSCPI
696,AGWXIWXYXY,JVRNKCDIQY
697,SAHTGSGZPE,VCBEGPDZRC
698,OBSXNYHTMG,RKGQFXIQZE
699,SMDOXRXENL,VQZYULTCOB
700,RSUNHIGWKH,KDUULKSJGN
701,MALMTMJXPC,RKUPVNARFU
702,ZYSZFWZBMC,BTMIAGYYAI
703,WUWVUJCRYB,NDTMYRBZMG
704,SBFNDLACCA,LORJJGKWUT
705,XJFTMKSYYR,PDGETTCRNP
706,UVJILMGZGE,DMEBNVEMVO
707,JSLFHOAVHW,BYXKEFGUXE
708,WSUZMZFMCB,QBXBDDQEOD
709,KKBDKYVCKS,CYETBXCEMJ
710,PNSNBJVAQC,QLACZYRAWM
711,ONEPMZVCOD,LQRDULUKMZ
712,LPEMNFOSPY,VLEGSUXUMR
713,ULAMONRNNB,LTLOQSEZRA
714,NTVWEXYSGY,JCDMVNCMMH
715,AJQQFSHZWK,SUSJPMVRTG
716,BSDNPYOCPB,IOJAWCXXFL
717,MNDGEUGOXS,ESTYVPHOTN
718,SZADBZEDCX,RZACPZMYKC
719,TADDMTKZCL,XWRNJIUHIS
720,DKEBLYDOUY,CUJLNAETOO
721,UZNACHTTST,RSMOVPDXXG
722,XWIGJBWNKZ,RIHNZVGNRR
723,BCIZTDGUHO,DVPYXCKMTI
724,XVVGRULOGR,DDGPGSUMYN
725,DMAFTGNIMV,LMFHEDMQRG
726,FVJGAENXSB,XKPMXDWVUE
727,XTFPNGRMNQ,YQNXYTCPTZ
728,LUIUOKRRNK,PYLAQLUORZ
729,IBOGUJSCHM,NENXORDGHE
730,UIRZTENBRA,DXSJSTPQWQ
731,TLEXPDOOJG,MTXKUPBSUU
732,XRMDXKXVDQ,PCELGWXMTE
733,FBVZYPCKDU,DBSYCAWRBA
734,ZTDWDMXTCL,EAXKSKAIZC
735,MJWXQIXRHN,ZXTUWUYOBX
736,MYRIOOAJFV,YINMQSDOBW
737,JVTTSNDBLT,ZJGDCAWKUY
738,JEIDLNCWOL,UCNFJDRZHA
739,GRDEUKIWYD,CISQKYVUQD
740,UREJFFZZJL,GSSNXPJYRJ
741,LUMGHUECOB,FOGSYTTTUD
742,JKBPZSHELM,UDJYSODIPQ
743,QSXTIFFLXQ,ZSJCPHMCWE
744,EEWNUIBGEH,YTAAXGGBCC
745,APSEJTHPOO,RPUXJRKZBP
746,HLELPBJBAS,TNJCZXVPAV
747,TOIJABHTHJ,EUZPGMJXNK
748,ROYJYUDEEO,JEUSQIKETL
749,FOEYVXVQQL,HOEIYZXFLC
750,BZVCHJLJYU,EJMXSJBLEW
751,JZDALWZJJI,WDIZPQYPGQ
752,QMMEIHKFSZ,RJLNJDRJBA
753,JDHBCQEIOS,FAMXWFNJNZ
754,HSTMIXSFVZ,DUIQSDRVVI
755,IXDUJERDUG,JCOYRSLMIU
756,OTTRNRHCES,SMMICYZSKU
757,GIYSFXHFTV,VXTIRNUBWJ
758,GABUWJITLW,RYFIVJOIJM
759,VFRHXKTLLL,GXQXQNQAAF
760,HOVILWVSAH,XKCOPEEWCK
761,SWQEBBIWDF,YEKGCJEROY
762,HQUFIQLGLG,CMMSPJDPHG
763,HPLDLNIRBX,SUHPUQPAOW
764,MUOATDQTRE,XTYGBWLOEM
765,VMLPTCEFZT,GZOFNEZING
766,LFLWQEEGYF,OPILNXJAMN
767,ZEEPJGQTTR,MCAJPAPXRD
768,OMPMJPJQMW,DSYZWLTHDB
769,TTTAJGZOQM,WSUOOEWLOQ
770,QTDWZFRFIB,XUDSDRLOEM
771,AHSCPBGTDC,FZDLYWYSRD
772,EJDRNPIZIA,QXLALDOBKQ
773,FTRAPDISRP,WHFJIBOGTO
774,BLGPMMMPAG,WYPPXAXMUX
775,AUZAVEUXES,VCINBPVKGV
776,KHXJLQTVNF,GLUPXHFQNW
777,BJUYQRDMML,ZGHHCEZMWN
778,YKFEXOCLXR,ELOXRCCOLG
779,VJXLYLFHJT,CUTQFMBNCO
780,FAISUAHEET,SAHOYHQVJC
781,FAIYBQSIOJ,UKLPPINYIX
782,MOXVCQEFHR,BCTJPICGRS
783,YDHBPCECTZ,WGAXACSUPL
784,OCQXQPMQRF,EVELATVIIO
785,TRGULCNGQL,XLURQXPOEM
786,LTZNLEIZRX,VBMYFDMNFC
787,OWGUNEOJNS,DVGODTZIGF
788,STXCEGIXUP,GGSWRAITZN
789,TGAOWDXBAD,WFNUYDBFAU
790,DRQMWDUXIM,JBBYBEIMMM
791,NTACIYSXOA,FOQSIFLKHQ
792,FRZKNMHGDE,YPIEVJGUCY
793,MDTQAHYKMD,QADKEAXCGQ
794,MLTRLNRUMW,FCVDKGTVKG
795,SZHHHJZWOD,VCMTIKENIF
796,CNHPAXKQCD,RCXFNOZFUS
797,KXRWHZXARX,FXBEYEDRIM
798,FIDPWLZGBJ,EUXEDKETQL
799,QFYUEGOGBJ,FJTZGAORZO
800,JESQMAEBIL,RYKJBQVWQZ
801,KPINAPABKF,WNBMTUIOGW
802,LFINNCVMEU,VQXXWKSUJM
803,CMWBQPACLY,DDKAGIZCXB
804,ASRYDYPZKU,JBCBINIAHX
805,AGIHCUMOUS,UAKJETYTNJ
806,UFREXZEJGZ,NQZDLTAFJX
807,MJJBTLBHTH,IJBBSWRPTC
808,ACUNDUUNMO,BHMPSMWFGA
809,IFRBERNBXY,NTWSFCGXHI
810,DSGUYGKLCA,HKWNDRJVWB
811,EXQOYMGYKI,GNHDFNNLEN
812,MXGHWKZDTY,FQVYPMYWUX
813,DMAFZAXTJX,NHZHWIAFTB
814,KBQKABCEMU,NDCKSKYZTX
815,KURATMCIMP,MXHKHMDHRO
816,RBHGKYJLRH,JFKHKJLQGJ
817,WROCMGGJKM,TDUNIIKFLN
818,LWNACRMSVT,OBAYGLAHFF
819,IHCTFFZCLM,LUVCBCWRLS
820,DBRIPZJVTG,USCJPXVIZP
821,ANTPCHAGUQ,NBUFTXESJW
822,PWCQSFTXAG,JNMQDHWDHL
823,WYIGZFSGJF,PUBVQYEWKQ
824,HIUQRDTVXV,ZCVWIFHWPH
825,MDFYNYKCXQ,EPFPTIHCTF
826,CXAYTRPSEO,LTCMPCQQKC
827,MARCXRTPKS,GQOEGCHUUW
828,RYJICDWWEF,EYBUEHVCGV
829,LRUNFSIMGE,UJTRLPXKKT
830,DNNHLSZPPC,PROBOKGJVY
831,XWNQTLFUBO,ZQBCEWRSUN
832,CORQPFDDZM,NURAVXSYXW
833,LRYMEEQESR,BSZBXIALRF
834,VJOTCYPWPD,UAWFSLDUTP
835,KHWWGSVVNV,KQNTJKBYRO
836,FBEPGYRSBL,MZEEJRXMTR
837,ABXVZVYVHO,JSAOTSOYHW
838,QOFVNFVZNB,MWRECUCDBD
839,LFOOHWURFM,JECVNPHKXB
840,UNRYTTAWCI,JZLWUVLYPW
841,NEXRDWVJBT,AFHYGMCNTJ
842,GGRBWDDBJL,HZLJHJMCFP
843,XVSNBPRQZA,MABSQNANVD
844,KHUCZLFDJW,HBHGRMPLHC
845,DSHYYTEQYZ,RCTQEYWTST
846,SELVGZHYBZ,HGUNOQXTFF
847,UHYFRJBBQH,DGHRTNKTTT
848,LZYTHMEJPK,CZJMAGXWPB
849,RROGDLWGTN,MLHSPUDFXV
850,QBZDSEQCWR,MZNIUNBRND
851,TXDPUGSDCF,GGXAOGCAAV
852,DQRZZBPVID,ZSYMGKPYMF
853,UYHTEDXYTH,AZLFSTKADK
854,MMNHLHCYGT,RBWZGDBRTI
855,QEIDGNXZUY,JMJZYDZOSJ
856,NEITPQIXZY,UVVNOPCMXC
857,LXAHYERAJM,ICWJXCWGYV
858,LWDCTAQXPT,ZIUEXOZSRJ
859,FEABEAIOTV,JHEZIWKLWE
860,EKPCNYYTMO,PSQZEBSERI
861,TLODYOASRH,KJEIUDXHHP
862,NOBYXWIRHD,GOLXEVJPWA
863,VOOXCYLKDL,CQUBXZFANU
864,VLXRNMZNYW,GKEIIMGMMV
865,AOKLBQUGTS,PKWXAQRAVO
866,RMJTXHNAVC,NUOTKXTYPV
867,BQLIUTQQZF,QEHQNNOGWD
868,VHWPUJMYCB,YLYFQVRRLK
869,RWIEQHVTVV,YMXTRVWXSP
870,IKADSYYUFA,GZSLPKDNBO
871,XTLGEWKYUF,LRCVWEKJVG
872,OVSHLSGRUJ,ILGFOHJWNM
873,TBBYRNDIQO,IUTYCKCIGZ
874,LIIIDXXWRO,FFAYXUTAUL
875,UFAUNCETVH,KDPQIYIKGY
876,YHTCKPFEOO,VWQFXGHCDM
877,NORMJSOAKP,MWLLNTXLDM
878,DGQBNYFXEX,EXVYAMERSH
879,UFWSSXLBZC,JNWSOMHVEY
880,CQLLNJHQKN,SPUNOSHPVQ
881,CDLDSTPKYU,DTITAHXBFC
882,MQTRIRMUBY,VZSFKKOXGT
883,CQPDLJUMCG,WDHDAOKKBE
884,LYAEDTSAHF,SAXYHDWRCI
885,FUJSXLNXSZ,CNSEPADKAU
886,UKKROWTLYN,IBSNFVUMUN
887,ROPLIWYWMN,QDUHVYIVSI
888,PWKDRVMKQT,HESENFPBXB
889,ASRRPKDFSS,EOVSHFLZJN
890,UZUPXGLDXQ,SGVQAIQZXL
891,RFUYJMIOCP,GCBFXEABBP
892,VOBFCFFWAG,MZIDTDMRST
893,NUOOCRNERH,DIPCBNTCAC
894,KAHCMYCVLS,CWEETXHPRO
895,OEAXEAHQLZ,ETNGKXWQRK
896,YIIRXYAHDS,LNNGPVCGAR
897,ZMPASBFVXQ,IFRZCYGIRW
898,OUKMPZVGTS,SRZJKDEEKB
899,VSHXEDRRZA,WPSCAVRPAS
900,HFZNYEEMRZ,PPVLYTQQKE
901,QHRYHAZCIC,XDVIIHGXEB
902,UBHHWELHFI,ZGZTUBYUHJ
903,ZVVJTVTJRQ,SYDSALHABS
904,DHIZCKRPZQ,YOVTKPDLBB
905,RGBPHQQKAW,HUPEKRSBGL
906,FESCBJUYON,GOPPJVDRVG
907,YUJIERIXFO,ZSPUSCRMOW
908,OPPZIGCPGQ,PUBGPRZRIL
909,IXJSWNDTFL,PRWTYAOHIT
910,EUZNBRGSQA,DMCNTQMAUJ
911,YHBEXLSVJU,KWAPHIDBLI
912,SAQOOOZOKI,AMVDSEGJUA
913,AUROOJDTHZ,TMMBPQIYYX
914,BLQCXGHNLK,VEGSFONAZY
915,BALJCVROPZ,MTELXEMJME
916,SNVOQOZRPA,PGCJLQYKFR
917,KADTIALULM,WSCAVVIIZG
918,DMDXRGRLOQ,IXSGBJRAXJ
919,JOBQRKJRSY,FENFAPHCOB
920,TUMJWAUQOL,RGLKTPHEKU
921,RMECQJORFD,YSYCLRXEAO
922,GWTKOKIQON,PTPPLWAQKU
923,NWBYVCVWAU,HREGQFOYTE
924,MOICEYXLJC,ZSCPLNDLXN
925,USLUIPCPMK,EOUBSPDKSZ
926,VMRVAYSCQB,TGGMOEDMUW
927,TEFUBATFHL,DDLSGWLDUW
928,XELJDSJEAT,HGRXSJEZLX
929,VRHEACMWQE,KKRAUERHZN
930,NXPAIHIUIG,WSUYFKJRSJ
931,OEXSVIWTFM,XOGLQRDCWD
932,GKUEMNBLUM,ZVPFAYXGDZ
933,YWCYIKGJAH,WRCDLJMRUQ
934,BYNQKRVZNG,HUCXXYOTLX
935,AXKVDFIBDV,YECKMXSYNP
936,RLSISGHARF,PBRDALBIRS
937,WEOEZLQLTV,JNXBDMBMJE
938,XFPPUZMUYF,RJWVXOIZQF
939,LHGRNFYJOX,NCIEYDKNPD
940,OWUWMRFHXM,OZRQHJWIIY
941,QXOKBCRLWH,ONCGNOOPAF
942,JPRWEIIPQV,SDWWWNXCYO
943,TOULVZKKUY,VTNRCVHUWM
944,TLOFKIORSW,PHSZRFHKZH
945,YWHJVQLGPB,MOAOTGLZNL
946,CXNCJDEPAF,AMULDFMORO
947,LYZQIDDKKN,TIVXPENDHJ
948,WOACDBQLXD,YYFRGMSAMD
949,YDCHSKQUNN,XZRMLTITOI
950,SMVRVZQHCK,FNTNCFXEXP
951,QBESGSVRGD,YDWJRYJLOV
952,KNMAXMAUIV,AJMCAPFYYW
953,GOFXNZKPBJ,UVIYUABSYD
954,ZEQMLDGDYH,TPIAYXPCSB
955,MJOHSLFPFM,PEVXTLRFNA
956,UFEKBORYST,KWURSMZNCZ
957,LGJOCSCVIE,JGQCVGTNDR
958,ZNBACUWVUY,REHUSOZLXU
959,ZBVTSOBSXN,PHDUGFONIA
960,GJSDRHEGKU,WQWOPOEUUD
961,LADPUPJVVE,RVQVUPYXJR
962,WFZYUXTAYZ,SNQRIOTTWY
963,WLVIEUGDBB,JOHYLJQMTV
964,ZNVLNFHFYI,WJNMJVIECU
965,MHUOMJXLFV,AHSDWPRIZV
966,IWOQYGOJMJ,MXBMLDSKDE
967,EAHMPVZCHB,DSVXPKODSN
968,ZTJZRCALTA,AEKMIRPXMV
969,BWXCRTBZED,PEKHBSICXW
970,BBFEPPGYNF,IAQDAMMYBD
971,MWMZHEFPOH,KAZFSXJUFS
972,FLSNFHDJFO,PVQZHCQSBJ
973,AMNGZCDGEJ,FTYWERWBCK
974,ILAHAQISKM,BRXNCHIYQR
975,QZCEXEGHZZ,KQKCNNBNUI
976,NLKYCBZTBX,CCAZEYHGYS
977,MLMBKHOIKC,ZIXKHFOMRB
978,USPZRQLODB,YMSVDXQULX
979,MWJRTBDVGH,OTRYMROIGT
980,KAWJFYWHMP,PFDXRPRNOW
981,DYMSWDHEVF,HVLSBCJOGG
982,QGPZXISSSP,VLBRGFADLG
983,EJKUTLYENB,PFFRTUTSEH
984,XFOPRUNOUO,CZSKXJYIQI
985,PKNHTPLMRI,ZAYMHWRLJZ
986,HPFHRGJMNY,ENNBQVBCNL
987,HNGIEKMQSH,UJFJJGYXQV
988,FCTHTBKRKB,WSLOTJABKG
989,TTJYLSXVDK,MAYXQZDIDS
990,GCESGFHNMQ,HABDAYIQZU
991,KVKCPINATC,SASYEFHVHK
992,PZLRUMKYBH,KFWOEGMSWD
993,SSVTNBEBMB,OVQRVHZVJS
994,WQTBEAXQDI,JCIGJNZEMA
995,LZACLORIYZ,PTFQLINRQU
996,USVUNJGRTK,GVREDEWZJV
997,DRAXEVZUHL,IKRSWFJPZN
998,GVLDBLARFQ,DZTPEOEJJE
999,QORRFYKBWN,IEVYDZYJUF
